cohort_month,0,1,2
2023-07,100.0,91.0,40.2
2023-08,100.0,87.3,31.4
2023-09,100.0,83.7,26.700000000000003
2023-10,100.0,86.8,30.8
2023-11,100.0,85.8,24.7
2023-12,100.0,81.2,26.400000000000002
2024-01,100.0,70.3,
2024-02,100.0,,
